AQM r3000, AQM r5000, AQM noxevent, AQM r2000, AQM coevent, GPS system_time, GPS gps_time, GPS latitude, GPS longitude 
21,29,111,28,3,2018-03-06 14:28:40.581219,14:28:40,52.56502966666667,13.409465666666666
15,27,181,28,3,2018-03-06 14:26:32.468370,14:26:32,52.565067166666665,13.409508333333333
25,37,99,35,3,2018-03-06 14:29:44.191285,14:29:44,52.56504616666667,13.409395833333333
34,45,62,43,3,2018-03-06 14:32:58.597262,14:32:58,52.565209833333334,13.4094395
38,47,55,45,3,2018-03-06 14:35:05.284544,14:35:05,52.565099000000004,13.409380833333334
18,28,133,28,3,2018-03-06 14:27:36.478383,14:27:36,52.56503716666667,13.409478
40,35,52,34,3,2018-03-06 14:41:31.498281,14:41:31,52.565061166666666,13.409485666666667
83,91,52,116,3,2018-03-07 06:14:56.140766,06:14:55,52.51407666666667,13.473500166666666
38,91,54,315,3,2018-03-07 13:09:08.839381,13:09:08,52.50710466666666,13.397814
41,102,52,334,3,2018-03-07 13:10:13.763654,13:10:13,52.5062375,13.4012195
41,101,51,335,3,2018-03-07 13:13:26.400876,13:13:26,52.506622166666666,13.413084166666666
41,101,54,335,3,2018-03-07 13:12:21.377042,13:12:21,52.50408933333333,13.409175666666666
33,86,62,287,3,2018-03-07 13:31:45.880816,13:31:45,52.50618083333333,13.4196425
35,78,62,286,3,2018-03-07 13:43:35.086489,13:43:34,52.50620283333333,13.419832166666666
36,84,58,292,3,2018-03-07 13:44:38.891063,13:44:38,52.506205333333334,13.419743833333333
34,85,60,288,3,2018-03-07 13:38:12.296993,13:38:11,52.506193333333336,13.4196655
36,86,57,289,3,2018-03-07 13:54:17.139390,13:54:16,52.506183666666665,13.419814
38,59,55,276,3,2018-03-07 14:02:54.595409,14:02:54,52.506224,13.419793666666667
79,204,54,515,3,2018-03-07 17:54:02.738169,17:54:02,52.51827466666667,13.417784666666666
79,211,57,556,3,2018-03-07 17:55:06.525483,17:55:06,52.521711333333336,13.416221833333333
83,212,83,570,3,2018-03-07 17:56:09.379893,17:56:09,52.522565666666665,13.416091
80,225,57,597,3,2018-03-07 18:00:27.634853,18:00:27,52.52817783333333,13.410245666666667
64,72,72,81,3,2018-03-07 19:10:02.495761,21:20:21,52.554182,13.411190333333334
80,127,60,147,3,2018-03-07 21:20:32.984036,21:20:32,52.55420683333333,13.410816166666667
78,91,60,121,3,2018-03-08 14:05:29.878606,14:05:29,52.562063333333334,13.412938833333333
65,122,70,387,3,2018-03-08 14:46:05.119167,14:46:04,52.59461616666667,13.424076333333334
70,138,67,378,3,2018-03-08 15:17:04.888097,15:17:04,52.54108033333333,13.4483405
133,245,50,486,3,2018-03-08 15:30:56.719095,15:30:56,52.53775483333333,13.450350333333333
65,116,79,339,3,2018-03-08 16:23:21.655015,16:23:21,52.52282533333333,13.4666805
87,180,52,398,3,2018-03-08 16:32:58.044974,16:32:57,52.522592833333334,13.463930333333334
466,228,68,510,3,2018-03-08 22:37:20.720673,22:37:20,52.500434166666665,13.312438333333333
117,84,68,102,3,2018-03-09 09:51:25.390542,09:51:25,52.517999,13.321389833333333
502,183,165,336,80,2018-03-09 09:55:29.605457,09:55:29,52.506836,13.330878333333333
130,131,50,325,3,2018-03-09 12:32:32.795903,13:37:22,52.527285,13.3141145
317,247,57,452,3,2018-03-09 14:35:54.019161,14:35:53,52.52887333333334,13.328601166666667
93,36,85,344,3,2018-03-09 17:26:03.873236,17:26:03,52.535025,13.3806485
102,46,75,251,164,2018-03-09 18:30:10.936709,20:10:42,52.543141166666665,13.376585
971,217,177,550,3,2018-03-09 20:25:39.639879,20:25:39,52.489075666666665,13.386028
91,100,55,81,3,2018-03-11 09:45:27.922410,09:45:27,52.47776366666667,13.386003666666667
73,20,61,22,3,2018-03-11 09:47:42.084677,09:47:42,52.48406283333333,13.393394333333333
83,52,67,71,3,2018-03-11 13:07:25.563792,13:07:25,52.48619733333334,13.422970833333334
495,262,165,586,3,2018-03-11 13:59:36.875574,13:59:36,52.53113833333333,13.367761666666667
342,251,93,571,3,2018-03-11 14:01:49.777484,14:01:49,52.539076666666666,13.368923666666667
81,74,54,330,3,2018-03-11 14:52:02.590250,14:52:02,52.498687833333335,13.413101333333334
64,33,71,93,194,2018-03-11 15:32:42.924452,20:37:01,52.498664833333336,13.413093666666667
227,155,95,249,3,2018-03-11 20:45:00.632347,20:45:00,52.489341333333336,13.3937265
179,133,79,196,3,2018-03-11 20:41:46.706345,20:41:46,52.49842,13.396658333333333
254,190,52,308,3,2018-03-11 20:46:03.803169,20:46:03,52.489538833333334,13.390634833333333
212,210,54,367,3,2018-03-11 20:48:12.051550,20:48:11,52.488376833333334,13.386893166666667
145,117,81,176,3,2018-03-11 20:40:43.864750,20:40:43,52.49864266666667,13.402308166666666
80,49,60,103,3,2018-03-11 23:44:07.559718,23:44:07,52.488502,13.387106
75,48,58,106,151,2018-03-12 09:08:40.838490,13:50:00,52.513496333333336,13.332205333333333
89,20,54,39,3,2018-03-12 13:53:46.820734,13:53:46,52.517444166666664,13.325314166666667
70,14,64,31,3,2018-03-12 13:52:44.595354,13:52:44,52.514144333333334,13.330575833333333
1317,289,255,457,3,2018-03-14 17:26:41.822851,17:26:41,52.49367016666667,13.309739
73,12,66,114,3,2018-03-14 17:36:23.058291,17:36:22,52.49461316666667,13.330980166666667
292,48,81,191,3,2018-03-14 17:45:57.786397,17:45:57,52.48866266666667,13.358526333333334
141,25,63,138,3,2018-03-14 17:38:26.655188,17:38:26,52.494364,13.345087
112,44,82,112,3,2018-03-14 19:49:24.447790,19:49:24,52.48543133333333,13.351862166666667
86,30,85,87,176,2018-03-14 21:12:28.988550,15:42:31,52.518046166666664,13.292899333333333
89,16,59,35,3,2018-03-15 15:50:44.383592,15:50:44,52.5106565,13.288367833333334
67,11,70,30,91,2018-03-15 15:49:43.832032,15:49:43,52.51055933333333,13.288376166666666
141,30,66,48,3,2018-03-15 15:58:15.340392,15:58:15,52.506137,13.316709666666666
298,29,255,47,55,2018-03-15 16:00:23.404851,16:00:23,52.505422833333334,13.329218666666666
78,13,57,26,3,2018-03-15 16:09:57.585303,16:09:57,52.505724,13.341385166666667
82,15,52,28,3,2018-03-15 16:08:36.315710,16:08:36,52.5067845,13.346535833333334
145,33,54,49,3,2018-03-15 16:17:25.578298,16:17:25,52.51212183333333,13.312504166666667
71,11,68,23,91,2018-03-15 16:06:45.650762,16:06:45,52.505157833333335,13.347076666666666
138,25,72,43,3,2018-03-15 16:29:06.023624,16:29:05,52.51071016666667,13.3015015
133,29,51,45,3,2018-03-15 16:23:49.708963,16:23:49,52.50707583333333,13.295228666666667
115,34,79,77,3,2018-03-15 17:34:12.481469,18:51:31,52.5119975,13.311746666666666
476,170,79,188,3,2018-03-15 19:05:24.080314,19:05:23,52.515209,13.377456166666667
768,47616,240,16384,3,2018-03-15 19:42:45.860843,19:42:45,52.4671085,13.383267333333333
82,15,51,24,3,2018-03-16 12:36:00.964220,12:36:00,52.467073166666665,13.384130333333333
503,56,96,61,3,2018-03-16 12:52:52.049646,12:52:51,52.50513,13.3722855
992,119,68,151,3,2018-03-16 13:54:27.109895,13:54:26,52.525605,13.367096666666667
2718,145,50,162,3,2018-03-16 13:57:40.236077,13:57:40,52.506012,13.372126833333333
887,140,102,279,3,2018-03-16 14:14:49.059300,14:14:48,52.474203833333334,13.38564
1025,323,83,459,3,2018-03-16 19:45:07.471836,19:45:07,52.47451516666667,13.362809166666667
345,352,52,711,3,2018-03-16 20:00:08.449753,20:00:08,52.52645916666667,13.330239333333333
349,128,64,256,3,2018-03-16 21:02:09.622619,22:58:24,52.52813783333333,13.330837333333333
649,236,71,341,24,2018-03-16 23:01:37.815736,23:01:37,52.5275045,13.330418333333334
86,101,52,85,3,2018-03-06 20:50:01.018432,20:50:00,52.50270783333333,13.350049166666667
110,105,61,86,3,2018-03-07 08:02:25.699978,08:02:25,52.53728666666667,13.359532166666666
176,22,97,23,3,2018-03-07 11:47:30.035917,11:47:29,52.49898833333334,13.386277333333334
195,33,59,35,3,2018-03-07 11:53:54.902372,11:53:54,52.507018,13.356755833333333
273,37,58,39,3,2018-03-07 11:56:01.647735,11:56:01,52.504696833333334,13.351108666666667
319,45,113,44,3,2018-03-07 11:57:03.782199,11:57:03,52.503359333333336,13.350069333333334
261,87,73,106,3,2018-03-07 13:31:44.738739,13:31:44,52.5024695,13.349900333333334
190,85,92,86,3,2018-03-07 13:26:27.920042,13:26:27,52.502217,13.333856166666667
700,115,172,155,4,2018-03-07 13:41:22.720051,13:41:22,52.498201333333334,13.405712166666667
52,10,114,10,3,2018-03-08 01:54:21.022930,01:54:21,52.5179495,13.433615333333334
73,10,68,14,3,2018-03-08 01:55:22.145488,01:55:22,52.51988333333333,13.424118166666666
75,70,59,49,3,2018-03-09 12:34:10.425144,12:34:10,52.47926266666666,13.320472333333333
344,97,132,82,3,2018-03-09 15:36:03.062544,15:36:03,52.50329833333333,13.331197666666666
133,75,51,131,3,2018-03-07 19:08:54.611347,19:08:54,52.50039266666667,13.422793833333333
139,62,51,105,3,2018-03-09 15:58:29.231367,15:58:28,52.5177665,13.318083666666666
73,52,62,39,206,2018-03-10 14:57:56.361790,15:17:07,52.544384666666666,13.313022166666666
105,70,81,47,3,2018-03-10 15:17:24.638562,15:17:24,52.542949,13.313152833333334
280,88,86,50,3,2018-03-10 15:23:48.951775,15:23:48,52.53609466666666,13.356271666666666
233,92,56,54,3,2018-03-10 15:24:53.749737,15:24:53,52.536574,13.358840833333334
166,87,52,68,3,2018-03-10 16:24:54.033539,16:24:54,52.5487205,13.403697166666667
64,36,83,24,3,2018-03-11 18:34:15.550104,18:34:15,52.5212455,13.4589505
89,38,51,21,3,2018-03-11 18:36:10.433568,18:36:10,52.51551283333333,13.459937833333333
111,46,59,24,3,2018-03-11 19:54:13.320230,19:54:13,52.51073483333333,13.459108166666667
579,86,63,22,8,2018-03-16 07:04:51.073413,07:04:50,52.50637066666667,13.302402833333334
587,75,51,19,3,2018-03-16 07:08:05.150619,07:08:04,52.490628,13.3132815
747,104,128,29,3,2018-03-16 10:49:08.996039,10:48:59,52.493282,13.3099155
86,10,54,10,3,2018-03-16 14:48:08.741916,14:48:08,52.51428583333333,13.316593833333334
68,10,78,10,3,2018-03-16 14:47:04.975189,14:47:04,52.514309833333336,13.316601166666667
822,104,72,29,3,2018-03-16 22:59:02.314591,22:59:01,52.53724,13.4291735
1295,108,70,31,3,2018-03-16 22:59:20.717285,22:59:20,52.53618083333333,13.432092
1556,102,59,30,3,2018-03-16 23:00:23.038900,23:00:22,52.53287,13.439037333333333
2275,85,89,31,3,2018-03-16 23:01:25.444034,23:01:25,52.53193366666667,13.441239833333332
127,127,52,86,3,2018-03-06 21:00:42.440648,21:00:42,52.503169,13.360930166666666
134,80,50,69,3,2018-03-06 21:15:41.524690,21:15:41,52.50389416666667,13.338112333333333
282,103,87,47,3,2018-03-07 08:34:16.848459,08:34:16,52.512767333333336,13.377104
34,10,74,10,3,2018-03-07 10:25:16.842525,10:25:16,52.518918166666666,13.309184666666667
38,10,60,10,3,2018-03-07 10:26:21.169845,10:26:20,52.51899816666667,13.3091115
38,10,57,10,3,2018-03-07 10:30:37.212228,10:30:36,52.5188975,13.309437666666666
60,12,79,10,69,2018-03-07 10:31:45.772689,10:31:45,52.5191,13.309041333333333
290,98,56,37,3,2018-03-07 16:06:52.938973,16:06:52,52.518808166666666,13.2833785
790,134,215,50,3,2018-03-07 16:12:13.618900,16:12:13,52.52424833333333,13.2446735
405,106,53,40,3,2018-03-07 16:19:47.445210,16:19:47,52.518994,13.2759165
574,102,190,39,7,2018-03-07 16:33:39.594149,16:33:39,52.52063016666666,13.355798833333333
711,93,87,37,3,2018-03-07 16:39:00.656870,16:39:00,52.528494333333335,13.376151
569,84,90,36,3,2018-03-07 16:54:56.494732,16:54:56,52.517386,13.440675166666667
587,95,57,38,3,2018-03-07 16:56:03.442335,16:56:03,52.5166245,13.444837666666666
698,133,193,53,3,2018-03-07 20:09:23.197778,20:09:22,52.50596016666667,13.33336
395,128,51,52,3,2018-03-07 20:40:18.256143,20:40:17,52.493463166666665,13.366004833333333
458,138,76,56,3,2018-03-07 23:41:44.932353,23:41:44,52.497954166666666,13.418796166666667
120,31,54,14,72,2018-03-08 09:28:24.535069,09:28:24,52.504215,13.453419333333333
452,151,54,54,3,2018-03-09 01:02:01.736935,01:02:01,52.525580166666664,13.367870833333333
177,95,86,38,3,2018-03-09 09:36:51.254228,09:36:50,52.492580833333335,13.457208
245,98,161,32,34,2018-03-10 10:34:23.892024,10:34:23,52.498989333333334,13.4182045
337,112,58,35,3,2018-03-10 10:42:54.736387,10:42:54,52.475372,13.4277355
91,85,71,30,10,2018-03-11 13:34:37.863638,13:34:37,52.495407166666666,13.389591666666666
128,88,71,29,3,2018-03-11 13:40:02.394536,13:40:02,52.50529433333333,13.372231833333334
267,112,60,35,3,2018-03-12 07:50:31.867799,07:50:31,52.5067945,13.346302666666666
268,128,74,40,3,2018-03-12 07:54:46.300205,07:54:46,52.50611033333333,13.332853833333333
150,110,58,39,3,2018-03-12 10:15:09.497312,10:15:09,52.514431333333334,13.348906166666668
773,109,135,31,84,2018-03-12 10:23:45.145822,10:23:44,52.511336666666665,13.400827833333333
607,148,88,44,3,2018-03-12 10:29:05.261475,10:29:05,52.52289066666667,13.428572333333333
849,152,98,45,3,2018-03-12 10:32:17.184782,10:32:16,52.52609183333333,13.4468195
268,96,57,30,3,2018-03-12 16:35:45.568877,16:35:45,52.515162833333335,13.459860333333333
306,104,74,31,3,2018-03-12 16:37:30.492661,16:37:30,52.517243,13.441361333333333
382,114,73,34,3,2018-03-12 16:42:50.342646,16:42:50,52.523206,13.408616166666667
1310,147,255,46,43,2018-03-12 16:50:23.463886,16:50:23,52.5307725,13.382517166666666
967,116,99,33,13,2018-03-12 16:51:22.232500,16:51:21,52.52956016666667,13.3808015
693,110,84,30,3,2018-03-12 16:55:41.185235,16:55:40,52.52690466666667,13.370632
84,56,56,20,3,2018-03-12 17:58:41.328436,17:58:40,52.526927666666666,13.380544333333333
648,111,103,33,3,2018-03-12 18:11:34.766364,18:11:34,52.51459166666667,13.420359666666666
612,103,94,30,3,2018-03-12 18:13:44.403235,18:13:44,52.5139165,13.422819666666667
584,104,52,32,3,2018-03-12 18:15:52.369596,18:15:52,52.511615,13.427312333333333
810,101,99,30,3,2018-03-12 18:16:57.182751,18:16:57,52.51095883333333,13.428590333333334
839,129,102,40,3,2018-03-12 18:20:13.792327,18:20:13,52.50444066666667,13.440754833333333
34,10,64,10,3,2018-03-13 18:34:20.485132,18:34:20,52.52023233333333,13.462127
67,16,76,10,3,2018-03-13 18:49:20.358299,18:49:20,52.520232666666665,13.462091000000001
83,18,51,10,3,2018-03-13 18:50:23.397700,18:50:23,52.5202455,13.462039333333333
526,44,87,11,3,2018-03-14 10:59:22.248577,10:59:21,52.511771833333334,13.331194666666667
476,52,68,13,3,2018-03-14 11:02:37.456337,11:02:37,52.5175425,13.306946666666667
507,107,117,31,3,2018-03-14 13:45:37.560781,13:45:37,52.511920333333336,13.295926
66,10,119,10,3,2018-03-14 15:43:10.675955,15:43:10,52.47035733333333,13.333188833333333
83,10,75,10,91,2018-03-14 16:09:47.698007,16:09:47,52.4588515,13.3232685
270,30,80,10,3,2018-03-14 16:20:30.429457,16:20:30,52.478821333333336,13.3432165
331,85,59,25,3,2018-03-15 07:55:50.764358,07:55:50,52.519067166666666,13.290498
431,109,66,31,3,2018-03-15 08:01:13.044061,08:01:12,52.5051835,13.3008065
347,112,51,31,3,2018-03-15 08:08:39.304938,08:08:39,52.49327516666666,13.310096666666666
432,108,57,34,3,2018-03-15 12:01:47.750468,12:01:47,52.47466516666667,13.283623333333333
507,67,89,23,3,2018-03-15 11:44:59.684214,11:44:59,52.49886166666667,13.3012775
582,109,61,32,3,2018-03-15 12:11:33.258468,12:11:32,52.47977433333333,13.304227166666667
58,10,111,10,3,2018-03-15 12:27:15.789628,12:27:15,52.48184783333333,13.315909833333333
70,10,62,10,3,2018-03-15 12:27:37.020302,12:27:36,52.48132183333333,13.3166405
82,11,53,10,3,2018-03-15 12:28:42.201019,12:28:41,52.47992983333334,13.318481166666666
177,30,65,10,3,2018-03-15 12:42:37.083360,12:42:36,52.5065645,13.3086165
514,41,56,13,3,2018-03-15 12:51:07.634105,12:51:07,52.5110555,13.300399666666667
344,44,87,15,3,2018-03-15 12:59:46.834426,12:59:46,52.5069075,13.3092475
352,40,109,13,3,2018-03-15 12:50:06.614767,12:50:06,52.51056916666667,13.297007333333333
522,61,62,20,3,2018-03-15 13:04:04.135494,13:04:03,52.496194,13.308355166666667
914,68,93,22,3,2018-03-15 13:09:37.651478,13:09:37,52.502508666666664,13.325149833333333
592,60,118,20,3,2018-03-15 13:15:19.771448,13:15:19,52.5050365,13.3394695
588,71,83,23,3,2018-03-15 13:15:54.066275,13:15:53,52.50491783333333,13.3410395
629,72,92,23,3,2018-03-15 13:18:00.196073,13:17:59,52.497288,13.3325225
13,38,166,35,3,2018-03-07 10:45:30.679793,10:45:30,52.565118,13.4095565
16,40,142,36,3,2018-03-07 10:46:33.547712,10:46:33,52.56510866666667,13.4095425
24,43,86,36,3,2018-03-07 10:52:57.259837,10:52:57,52.56497066666667,13.409717833333334
25,42,83,36,3,2018-03-07 10:54:05.026841,10:54:04,52.564983166666664,13.409786666666667
26,42,79,36,3,2018-03-07 10:55:09.513588,10:55:09,52.565091333333335,13.4096005
29,42,74,37,3,2018-03-07 10:58:18.168155,10:58:17,52.56516466666667,13.4095315
19,42,117,35,3,2018-03-07 10:48:43.225262,10:48:43,52.56501933333333,13.409514333333334
22,43,99,36,3,2018-03-07 10:50:52.190993,10:50:52,52.565002166666666,13.409476333333334
31,41,66,38,3,2018-03-07 11:01:33.737607,11:01:33,52.5650905,13.409535833333333
33,41,62,39,3,2018-03-07 11:04:46.354956,11:04:46,52.565087166666665,13.409545833333333
38,63,60,58,137,2018-03-07 11:55:54.184540,11:55:54,52.564864166666666,13.409667
17,41,125,36,3,2018-03-07 10:47:39.205244,10:47:39,52.56506233333333,13.409498
168,192,90,372,3,2018-03-07 16:14:14.101620,16:14:14,52.53844383333333,13.367745
88,131,55,199,3,2018-03-08 09:38:39.218536,09:38:39,52.50010616666667,13.313368
182,152,86,319,3,2018-03-08 09:45:01.148825,09:45:00,52.49763883333333,13.293667333333334
768,25856,240,32000,20,2018-03-08 10:39:32.794556,10:39:32,52.49478583333333,13.290873833333332
115,144,58,260,3,2018-03-08 10:51:19.085036,10:51:18,52.494799,13.290919833333334
185,153,100,214,3,2018-03-09 12:34:07.592020,12:34:07,52.4924335,13.296222666666667
79,113,61,84,3,2018-03-09 12:30:01.281491,12:30:01,52.492114666666666,13.290361
127,177,50,328,3,2018-03-09 12:47:58.894985,12:47:58,52.468385166666664,13.311496833333333
126,174,68,328,3,2018-03-09 12:51:12.946867,12:51:12,52.46444,13.308485333333334
64,59,72,73,3,2018-03-09 14:06:36.943999,16:11:18,52.4956985,13.354531333333334
84,72,61,103,3,2018-03-09 16:11:52.154555,16:11:52,52.49603616666667,13.354882
114,93,57,178,3,2018-03-09 16:14:02.387265,16:14:02,52.496047833333336,13.3608755
110,13,87,103,172,2018-03-09 16:19:21.582427,16:19:21,52.510902,13.371495
236,30,50,122,3,2018-03-09 16:32:11.420854,16:32:11,52.525468833333335,13.413901333333333
126,15,101,89,52,2018-03-09 16:22:34.364271,16:22:34,52.5142575,13.377359333333333
56,40,81,60,223,2018-03-09 22:12:00.607442,22:12:00,52.535995,13.422302
79,56,74,75,3,2018-03-09 22:12:13.005097,22:12:12,52.53595983333334,13.4221705
39,10,64,12,3,2018-03-09 22:18:39.222324,22:18:39,52.529464833333336,13.415667
35,10,62,10,3,2018-03-09 22:22:55.945802,22:22:55,52.529391,13.415601166666667
39,10,57,12,3,2018-03-09 22:23:59.111706,22:23:58,52.529423,13.415592166666666
44,10,51,13,3,2018-03-09 22:25:02.620061,22:25:02,52.52941666666667,13.4155535
38,10,58,13,3,2018-03-09 22:31:29.256387,22:31:28,52.529423666666666,13.415635333333334
38,10,54,13,3,2018-03-09 22:33:39.062595,22:33:38,52.529392666666666,13.4156295
42,10,52,14,3,2018-03-09 22:34:40.863352,22:34:40,52.5294415,13.415683333333334
42,10,52,14,3,2018-03-09 22:36:53.402327,22:36:53,52.52941366666667,13.415584333333333
87,10,50,26,3,2018-03-09 23:11:10.673708,23:11:10,52.52943916666667,13.415686333333333
255,13,211,32,3,2018-03-09 23:12:16.043467,23:12:15,52.530323833333334,13.414225833333333
203,96,67,93,3,2018-03-10 11:12:31.793496,11:12:31,52.553062833333335,13.430146
466,113,109,241,3,2018-03-10 12:38:53.899967,12:38:53,52.535699,13.432807166666667
175,89,66,243,3,2018-03-10 13:41:55.228786,13:41:54,52.54833516666667,13.427138833333334
291,103,104,258,3,2018-03-10 13:42:59.036522,13:42:58,52.548060666666665,13.428182333333334
298,126,73,275,3,2018-03-10 13:51:30.340224,13:51:30,52.534072,13.437866833333333
552,145,101,279,3,2018-03-10 14:33:07.236175,14:33:07,52.519607,13.403680333333334
788,154,91,287,3,2018-03-10 14:34:11.545659,14:34:11,52.51772283333333,13.398905
603,134,61,269,3,2018-03-10 14:44:54.930301,14:44:54,52.513871,13.340144166666667
862,151,255,282,3,2018-03-10 14:58:47.738694,14:58:47,52.5035855,13.330793333333334
821,160,140,289,3,2018-03-10 15:04:04.670651,15:04:04,52.475858333333335,13.328628166666666
331,156,55,279,3,2018-03-10 15:12:42.228514,15:12:42,52.46368583333334,13.334938833333334
490,120,65,236,31,2018-03-10 15:19:07.999725,15:19:07,52.46308966666667,13.327021333333333
94,58,57,95,3,2018-03-10 16:23:07.557740,17:09:19,52.46801816666667,13.3315395
224,105,73,179,3,2018-03-10 17:14:41.666297,17:14:41,52.47874083333333,13.324218666666667
89,72,52,198,3,2018-03-10 17:56:16.906141,17:56:16,52.4795215,13.2947855
360,77,60,186,84,2018-03-10 18:02:39.709306,18:02:39,52.478061333333336,13.334620833333334
389,117,64,227,3,2018-03-10 18:07:55.328959,18:07:55,52.47551583333333,13.359556333333334
489,133,59,252,3,2018-03-10 18:29:18.486737,18:29:18,52.47117216666667,13.334952
744,119,89,239,17,2018-03-10 18:32:30.733660,18:32:30,52.48283166666667,13.35012
207,76,118,91,3,2018-03-11 10:38:35.472932,10:38:35,52.51115866666667,13.400326333333334
118,80,57,175,3,2018-03-11 13:10:16.646544,13:10:16,52.50958266666667,13.377822166666666
206,112,110,198,3,2018-03-11 13:42:16.055965,13:42:15,52.50967283333333,13.4004355
96,87,69,199,3,2018-03-11 14:14:25.703942,14:14:25,52.518142833333336,13.409742166666666
63,53,78,79,152,2018-03-11 14:53:10.431326,16:58:50,52.51825783333334,13.409755666666667
358,119,80,154,3,2018-03-11 17:21:16.050698,17:21:15,52.516893333333336,13.409068166666668
186,113,52,150,3,2018-03-11 17:19:08.002491,17:19:07,52.5203755,13.412600666666666
571,103,88,139,3,2018-03-11 17:25:31.667915,17:25:31,52.50463383333334,13.411225333333334
125,66,59,132,3,2018-03-11 18:00:43.943437,18:00:43,52.507693,13.390851333333334
365,96,127,150,3,2018-03-11 18:06:02.215861,18:06:01,52.5095305,13.375174333333334
740,80,50,130,3,2018-03-11 18:07:07.657672,18:07:07,52.5105625,13.371644666666667
97,50,51,112,3,2018-03-11 17:59:39.700821,17:59:39,52.5076285,13.391486
282,110,108,98,3,2018-03-12 07:49:22.405391,07:49:22,52.53038083333333,13.382775
120,85,56,71,3,2018-03-12 15:41:00.256989,15:40:59,52.55314283333333,13.444639833333333
70,47,62,50,3,2018-03-12 15:36:45.369826,15:36:45,52.55162116666666,13.447963666666666
127,96,52,80,3,2018-03-12 15:43:11.258675,15:43:11,52.553757833333336,13.440756499999999
140,26,68,42,3,2018-03-12 15:51:43.361946,15:51:43,52.550809666666666,13.4314695
231,50,53,63,3,2018-03-12 15:57:04.452876,15:57:04,52.55385366666667,13.4149915
82,15,63,31,3,2018-03-12 15:48:27.877731,15:48:27,52.551392666666665,13.436119333333334
1001,114,255,98,249,2018-03-12 16:05:38.653895,16:05:38,52.54824683333333,13.362069
142,70,62,99,3,2018-03-12 16:16:20.255477,16:16:19,52.542592166666665,13.359180833333333
168,107,53,170,3,2018-03-12 17:41:38.566623,17:41:38,52.54256683333333,13.340022666666666
372,106,82,165,7,2018-03-12 17:49:04.339710,17:49:03,52.541588,13.367649
473,111,67,171,3,2018-03-12 17:51:13.610766,17:51:12,52.54720566666667,13.373344833333334
921,148,255,194,3,2018-03-12 17:57:36.888971,17:57:36,52.55405433333333,13.408417166666666
855,147,117,193,3,2018-03-12 18:00:47.626708,18:00:47,52.55245566666667,13.425079666666667
127,123,52,55,3,2018-03-13 05:31:38.512789,05:31:38,52.552690166666665,13.425607166666667
139,111,121,48,3,2018-03-13 05:32:42.740844,05:32:42,52.55356616666667,13.417423333333334
157,121,57,51,3,2018-03-13 05:33:45.374077,05:33:45,52.5537995,13.415612666666666
187,143,59,59,3,2018-03-13 05:38:06.122016,05:38:06,52.5554955,13.390802833333334
221,144,79,59,3,2018-03-13 05:40:14.736574,05:40:14,52.55674233333333,13.375077
280,148,71,61,3,2018-03-13 05:44:30.437542,05:44:30,52.5509435,13.352576666666666
342,153,52,60,3,2018-03-13 05:49:52.215821,05:49:51,52.5410775,13.333803333333334
316,137,58,54,3,2018-03-13 05:48:49.145926,05:48:48,52.545111166666665,13.341300166666667
50,29,97,30,206,2018-03-13 15:19:32.026062,15:19:31,52.5162365,13.276588
84,15,52,14,3,2018-03-13 15:26:30.420185,15:26:30,52.50980633333333,13.301193166666666
91,17,72,15,3,2018-03-13 15:27:35.218060,15:27:34,52.50990916666667,13.302273833333333
78,14,54,13,3,2018-03-13 15:23:22.537905,15:23:22,52.509946,13.280942
141,26,60,21,60,2018-03-13 15:31:52.843323,15:31:52,52.519004833333334,13.288808166666666
182,32,51,25,3,2018-03-13 15:32:54.910356,15:32:54,52.52025283333333,13.2827105
491,63,83,43,3,2018-03-13 15:52:04.129612,15:52:03,52.55584316666667,13.383308333333334
183,65,66,44,3,2018-03-13 15:59:37.367345,15:59:37,52.55378833333333,13.412388333333332
333,70,78,47,3,2018-03-13 16:00:39.431739,16:00:39,52.5534455,13.416130833333334
295,74,95,50,3,2018-03-13 16:03:54.468016,16:03:54,52.55143233333333,13.429122333333334
450,70,111,48,3,2018-03-13 16:04:56.353170,16:04:56,52.55155333333333,13.430457666666667
109,123,61,62,93,2018-03-13 21:07:15.875537,22:31:10,52.55585133333334,13.439859333333333
78,12,56,10,3,2018-03-14 10:36:53.908302,10:36:53,52.539288166666665,13.444360833333333
79,10,61,10,3,2018-03-14 10:39:01.894705,10:39:01,52.54370566666667,13.432686166666667
95,13,72,10,3,2018-03-14 10:40:08.072836,10:40:07,52.545792166666665,13.428253333333334
72,10,63,10,3,2018-03-14 10:42:14.361928,10:42:14,52.550785166666664,13.43012
178,12,196,10,3,2018-03-14 10:43:16.654735,10:43:16,52.55397383333333,13.429824
165,34,59,18,3,2018-03-14 12:51:55.597707,12:51:55,52.56656016666667,13.427280833333333
79,10,54,10,3,2018-03-14 12:59:24.423770,12:59:24,52.56308666666666,13.4093025
106,12,74,10,3,2018-03-14 13:00:28.275632,13:00:28,52.565279333333336,13.406615500000001
43,10,51,10,3,2018-03-14 15:11:46.726526,15:11:46,52.56461016666667,13.376865
79,10,199,10,3,2018-03-14 15:12:52.898888,15:12:52,52.5611295,13.3771665
275,14,171,11,3,2018-03-14 15:18:10.895091,15:18:10,52.55400733333333,13.358508666666667
184,14,52,10,3,2018-03-14 15:17:05.961857,15:17:05,52.5554985,13.361302666666667
118,10,199,10,3,2018-03-14 15:13:56.025537,15:13:55,52.556972333333334,13.376906666666667
290,25,76,18,3,2018-03-14 15:33:02.542640,15:33:02,52.523161,13.369816666666667
483,25,140,18,6,2018-03-14 15:34:08.993050,15:34:08,52.522211166666665,13.377181
345,23,58,17,9,2018-03-14 15:35:13.304513,15:35:12,52.52020016666667,13.380206333333334
214,19,137,16,16,2018-03-14 15:50:08.933530,15:50:08,52.51806366666667,13.380843333333333
115,25,58,21,3,2018-03-14 16:23:13.202538,16:23:12,52.513573,13.337582166666667
145,30,64,24,3,2018-03-14 16:24:16.513639,16:24:16,52.51429516666666,13.347851833333333
473,39,93,30,3,2018-03-14 16:35:00.699092,16:35:00,52.5174565,13.397336666666666
97,43,74,32,3,2018-03-14 18:52:54.289916,18:52:53,52.519776666666665,13.405249833333333
67,50,71,41,3,2018-03-14 19:26:56.652582,19:26:56,52.516669666666665,13.378193
83,10,74,37,3,2018-03-14 20:09:34.382963,20:09:34,52.526568,13.421831833333334
95,10,50,37,3,2018-03-14 20:10:38.214017,20:10:37,52.53222316666667,13.428655333333333
92,43,58,25,12,2018-03-15 07:08:08.356982,07:08:08,52.532955333333334,13.429699666666666
330,107,93,43,3,2018-03-15 07:20:04.143398,07:20:03,52.5505925,13.415004166666666
112,66,60,35,3,2018-03-15 08:24:48.054797,09:36:26,52.55162266666667,13.406035833333334
148,84,52,39,3,2018-03-15 09:36:47.157480,09:36:47,52.551752,13.405805166666667
462,107,88,48,3,2018-03-15 09:59:18.115406,09:59:17,52.55067716666667,13.4123295
982,185,57,66,3,2018-03-15 14:49:15.577942,14:49:15,52.5550565,13.4410395
240,171,57,60,3,2018-03-15 14:59:57.994686,14:59:57,52.557972,13.452234
736,154,62,48,3,2018-03-15 15:14:14.965126,15:14:15,52.547674666666666,13.429067333333334
70,10,63,10,91,2018-03-15 17:56:12.062852,17:56:11,52.545997,13.4276925
87,10,50,13,3,2018-03-15 18:11:09.212331,18:11:08,52.54216816666667,13.420574666666667
77,10,57,10,3,2018-03-15 18:09:01.549966,18:09:01,52.54200133333333,13.420440166666667
996,86,51,49,3,2018-03-15 19:34:58.918188,19:34:58,52.545002333333336,13.361702333333334
104,60,74,44,3,2018-03-16 09:32:22.464851,09:32:22,52.457314,13.3197075
173,63,64,39,3,2018-03-16 09:34:29.956495,09:34:29,52.46131066666667,13.325140833333334
216,87,52,52,3,2018-03-16 09:35:33.654247,09:35:33,52.462921333333334,13.320750333333333
321,85,67,47,50,2018-03-16 09:38:44.251060,09:38:44,52.481365833333335,13.306914333333333
386,56,60,46,3,2018-03-16 10:21:20.744213,10:21:20,52.5576565,13.365326666666666
711,122,52,75,3,2018-03-16 10:22:23.451589,10:22:23,52.554593833333335,13.3596085
1703,154,100,95,3,2018-03-16 10:26:40.630291,10:26:40,52.54665833333333,13.344445833333333
2175,159,112,113,3,2018-03-16 10:28:47.600320,10:28:47,52.5403825,13.3324245
2751,167,55,116,3,2018-03-16 10:41:34.789776,10:41:34,52.47279066666667,13.328529
528,205,54,96,3,2018-03-17 02:47:43.290347,02:47:43,52.48723833333333,13.322622166666667
200,158,54,76,3,2018-03-17 08:24:26.033645,08:24:25,52.48750783333333,13.322476166666666
1418,215,51,171,3,2018-03-17 09:27:26.586942,09:27:26,52.552678666666665,13.444055166666667
3187,199,52,190,3,2018-03-17 09:32:47.721879,09:32:47,52.54248966666667,13.440252333333333
5404,138,228,199,3,2018-03-17 09:30:38.487533,09:30:38,52.547108,13.4480855
3775,216,91,181,3,2018-03-17 09:41:17.567402,09:41:17,52.51846916666667,13.410817833333333
113,68,68,151,3,2018-03-07 19:22:56.140623,19:22:56,52.483,13.441730333333334
86,68,53,93,129,2018-03-08 11:42:10.195990,12:58:33,52.496871666666664,13.354911
74,21,61,92,210,2018-03-09 19:09:13.407977,19:52:26.980000,52.486365166666666,13.3586635
102,29,89,49,216,2018-03-14 14:36:32.369014,14:36:32,52.52268083333333,13.329203833333333
83,21,61,19,3,2018-03-16 17:25:01.564833,17:25:01,52.52110783333333,13.325635166666666
78,50,68,83,3,2018-03-06 15:13:02.663147,15:13:02,52.5652365,13.409032833333333
86,84,52,102,90,2018-03-06 17:09:55.861789,17:09:55,52.56287866666667,13.41149
182,102,51,151,3,2018-03-06 17:16:23.352328,17:16:23,52.558214166666666,13.4135275
667,142,67,218,3,2018-03-06 18:10:40.067788,18:10:40,52.53222266666667,13.399254666666666
587,129,53,208,3,2018-03-06 18:07:14.358199,18:07:13,52.529494166666666,13.399226166666667
404,136,56,220,3,2018-03-06 18:04:56.165094,18:04:55,52.526148,13.3933635
158,118,63,158,3,2018-03-06 19:48:48.781834,19:48:48,52.561345833333334,13.412951166666666
432,149,231,205,3,2018-03-06 19:55:08.967831,19:55:08,52.531836,13.412296333333334
227,86,59,91,3,2018-03-07 07:26:02.265449,07:26:01,52.52893183333333,13.425032999999999
400,107,55,169,3,2018-03-07 07:36:21.834518,07:36:21,52.51760133333333,13.4097175
502,119,103,197,3,2018-03-07 07:41:46.465884,07:41:45,52.511541333333334,13.401903166666667
415,107,50,185,3,2018-03-07 07:40:40.712937,07:40:40,52.5128035,13.4038425
601,138,56,256,3,2018-03-07 12:34:05.735727,12:34:05,52.52623033333333,13.420928666666667
406,142,91,257,3,2018-03-07 12:29:50.852689,12:29:50,52.5444095,13.442637333333334
117,96,58,213,3,2018-03-07 13:15:41.695293,13:15:41,52.500138666666665,13.4367385
316,44,104,160,3,2018-03-07 13:19:59.897661,13:19:59,52.50209266666667,13.446103333333333
190,16,73,119,3,2018-03-07 13:34:51.956345,13:34:51,52.52365116666667,13.4021905
289,46,67,148,3,2018-03-07 14:02:34.192008,14:02:33,52.54545683333333,13.345103333333334
312,72,66,155,3,2018-03-07 14:50:35.673996,14:50:35,52.5223955,13.3797015
325,70,102,149,3,2018-03-07 14:46:18.847982,14:46:18,52.522478666666665,13.366884166666667
571,115,60,162,3,2018-03-07 15:49:31.005309,15:49:30,52.526839333333335,13.3678425
354,74,54,130,3,2018-03-07 16:05:33.487098,16:05:33,52.552068166666665,13.381968166666667
93,10,77,59,3,2018-03-07 16:08:46.637709,16:08:46,52.5515975,13.383069
194,13,57,59,60,2018-03-07 16:14:07.140404,16:14:06,52.549644666666666,13.391576666666667
66,48,68,34,138,2018-03-08 15:36:06.972498,15:36:06,52.561490166666665,13.377133333333333
114,29,55,25,110,2018-03-08 15:53:26.825309,15:53:26,52.572276,13.378291333333333
301,36,69,36,3,2018-03-08 16:10:32.253850,16:10:32,52.563370166666665,13.331876666666666
845,52,162,49,3,2018-03-08 16:15:48.964300,16:15:48,52.557411333333334,13.308765833333334
636,80,80,68,3,2018-03-08 16:23:18.469304,16:23:18,52.544140166666665,13.297357166666666
271,98,71,88,3,2018-03-08 16:39:16.524923,16:39:16,52.523569333333334,13.298943
405,111,64,104,3,2018-03-08 16:42:26.826212,16:42:26,52.533808666666665,13.2940205
913,137,89,129,3,2018-03-08 16:50:58.431268,16:50:58,52.5188535,13.282815
1119,124,134,112,45,2018-03-08 16:52:00.159168,16:51:59,52.516583,13.287327833333332
1370,138,64,123,3,2018-03-08 16:56:18.908165,16:56:18,52.51062816666666,13.284882333333334
1384,154,79,135,3,2018-03-08 17:00:31.797960,17:00:31,52.47868366666667,13.3410065
1840,165,73,137,3,2018-03-08 17:01:38.043579,17:01:38,52.474248833333334,13.359179666666666
126,81,70,75,3,2018-03-08 18:02:27.990767,18:02:27,52.488563666666664,13.429802
276,96,58,80,3,2018-03-08 18:05:37.313442,18:05:37,52.48521066666667,13.428889666666667
304,99,50,89,3,2018-03-08 18:09:53.845541,18:09:53,52.479235833333334,13.425425166666667
259,133,66,119,3,2018-03-08 18:16:17.577293,18:16:17,52.47499416666667,13.422965333333334
904,141,62,134,3,2018-03-08 18:21:37.723148,18:21:37,52.4649265,13.401803833333334
757,104,63,120,3,2018-03-08 18:35:28.188085,18:35:28,52.5535115,13.357661833333333
1182,161,51,166,3,2018-03-08 18:38:41.655025,18:38:41,52.5566715,13.377737666666667
508,124,53,191,3,2018-03-09 17:16:40.831082,17:16:40,52.52965283333333,13.369084333333333
764,128,116,197,3,2018-03-09 17:16:49.444137,17:16:49,52.52949366666667,13.369174166666667
385,109,53,233,3,2018-03-09 17:39:18.090051,17:39:17,52.49215933333333,13.411690333333333
233,86,54,213,3,2018-03-09 17:33:55.206416,17:33:55,52.500620166666664,13.376792166666666
152,66,57,202,3,2018-03-09 18:31:39.163453,18:31:38,52.479029,13.445486666666667
379,79,153,214,3,2018-03-09 18:35:54.976272,18:35:54,52.48981833333333,13.434150833333334
249,90,51,230,3,2018-03-09 19:20:49.292524,19:20:49,52.494316833333336,13.434526666666667
450,95,69,121,3,2018-03-09 23:12:51.974281,23:12:51,52.49838866666666,13.400204333333333
709,108,111,137,3,2018-03-09 23:20:17.150720,23:20:16,52.525506166666666,13.367819
152,78,60,60,3,2018-03-10 13:15:38.585296,13:15:38,52.5310655,13.367646666666667
413,93,81,70,3,2018-03-10 13:19:36.208360,13:19:35,52.505578666666665,13.372785666666667
435,86,82,66,3,2018-03-10 13:19:53.738124,13:19:53,52.504548166666666,13.371959
67,10,66,12,151,2018-03-10 18:11:08.311368,18:11:08,52.505530666666665,13.367828666666666
146,26,61,31,3,2018-03-10 18:45:13.434915,18:45:13,52.516063333333335,13.3754
132,11,53,17,91,2018-03-10 18:48:26.601039,18:48:26,52.5155555,13.385601
169,14,52,21,52,2018-03-10 18:50:33.034432,18:50:32,52.51045833333333,13.386887666666667
485,65,74,65,3,2018-03-10 19:56:41.910704,19:56:41,52.506219333333334,13.3688165
837,81,198,80,3,2018-03-10 20:05:14.481050,20:05:14,52.51400566666667,13.318148166666667
838,81,63,79,3,2018-03-10 20:06:17.721016,20:06:17,52.5161435,13.311906333333333
1080,78,196,83,3,2018-03-10 20:20:10.723878,20:20:10,52.506582,13.283374
1260,78,69,80,3,2018-03-10 20:21:12.009452,20:21:11,52.50662366666667,13.279727166666667
602,99,74,128,3,2018-03-10 20:46:50.758324,20:46:50,52.499133666666665,13.354986166666666
339,86,60,115,3,2018-03-10 20:44:42.782050,20:44:42,52.49989866666667,13.343270333333333
1038,99,75,147,3,2018-03-10 20:56:29.622858,20:56:28,52.4878375,13.417384
45,10,54,10,3,2018-03-11 18:49:06.235192,18:49:06,52.48090116666667,13.426192833333333
40,10,52,10,3,2018-03-11 18:47:46.023322,18:47:45,52.481898,13.429436166666667
88,13,51,15,3,2018-03-11 19:17:21.714462,19:17:21,52.47706016666667,13.4232055
138,22,79,23,3,2018-03-11 19:19:26.953769,19:19:26,52.48434433333333,13.424419666666667
83,10,95,16,200,2018-03-11 21:01:08.950845,21:01:09,52.52691816666667,13.416082333333334
122,14,54,21,3,2018-03-11 21:03:02.217327,21:03:02,52.53860666666667,13.423783333333333
188,56,72,35,3,2018-03-12 12:00:35.594392,12:00:35,52.5208815,13.4066215
362,83,79,42,29,2018-03-12 17:54:36.741118,17:54:36,52.5222695,13.415893166666667
99,54,72,33,63,2018-03-12 18:13:41.416908,18:13:41,52.51530966666667,13.464888166666666
127,101,53,58,3,2018-03-12 18:24:18.318797,18:24:17,52.515597166666666,13.457608
180,110,64,64,3,2018-03-12 18:25:21.073422,18:25:20,52.51557016666667,13.4575895
125,32,53,18,3,2018-03-13 08:19:52.163404,08:19:51,52.5249265,13.448827
122,53,53,30,79,2018-03-13 08:42:08.448905,08:42:08,52.5407935,13.400608
79,85,58,43,3,2018-03-13 08:37:55.246975,08:37:55,52.5493065,13.407718666666666
164,124,69,61,3,2018-03-13 10:58:00.478595,10:58:00,52.518853,13.385444166666666
1121,152,255,85,35,2018-03-13 16:21:35.271661,16:21:34,52.51655616666667,13.345377
201,71,85,38,30,2018-03-14 07:13:20.861026,07:13:20,52.53366116666667,13.283882833333333
413,147,107,76,3,2018-03-14 07:20:49.606071,07:20:49,52.53778883333333,13.325385166666667
343,159,56,84,3,2018-03-14 07:21:51.310734,07:21:51,52.536699666666664,13.326639666666667
274,85,58,42,3,2018-03-15 07:20:14.683640,07:20:14,52.4877365,13.300277666666666
396,102,56,48,3,2018-03-15 07:23:25.956625,07:23:25,52.4943855,13.300048166666667
483,128,55,56,3,2018-03-15 09:08:02.502805,09:08:02,52.500727166666664,13.329305333333334
732,103,52,50,3,2018-03-15 12:47:50.736274,12:47:50,52.5461155,13.358981333333332
465,36,123,21,18,2018-03-16 12:49:36.229746,12:49:35,52.5635145,13.329486666666666
649,42,125,24,12,2018-03-16 12:56:00.864123,12:56:00,52.566783666666666,13.316748
1222,81,126,41,3,2018-03-16 13:57:51.744088,13:57:51,52.563404166666665,13.3295715
318,95,50,46,3,2018-03-16 15:23:18.429898,15:23:18,52.56769116666667,13.322659666666667
556,142,67,70,3,2018-03-16 15:27:34.408388,15:27:34,52.56496766666667,13.324798
893,111,108,54,3,2018-03-16 15:28:37.747854,15:28:37,52.564183,13.327247166666666
2228,159,53,83,3,2018-03-16 20:30:40.855588,20:30:40,52.485622666666664,13.355451833333333
222,83,60,194,3,2018-03-06 10:44:23.460577,10:44:22,52.539312833333334,13.369538666666667
217,91,61,219,3,2018-03-06 10:47:47.244172,10:47:46,52.549195833333336,13.3762895
223,77,51,200,48,2018-03-08 17:22:15.942764,17:22:15,52.515126,13.380860333333333
386,115,90,258,3,2018-03-08 17:28:52.447024,17:28:52,52.51974466666667,13.404113666666667
516,125,130,274,3,2018-03-08 17:29:57.697136,17:29:57,52.521006666666665,13.406834166666666
499,113,81,265,3,2018-03-08 17:33:18.327569,17:33:18,52.52755966666667,13.416335333333333
470,101,83,251,50,2018-03-08 17:32:12.628954,17:32:12,52.52440983333334,13.412790333333334
428,122,77,269,3,2018-03-08 17:31:04.895721,17:31:04,52.52301683333334,13.410581333333333
249,24,53,33,3,2018-03-09 21:20:01.762658,21:20:01,52.501915833333335,13.409258666666666
138,22,54,38,12,2018-03-09 22:06:40.181055,22:06:39,52.50798283333334,13.394656166666667
670,42,103,62,14,2018-03-09 22:17:46.929387,22:17:46,52.51104466666666,13.3710295
330,88,175,76,3,2018-03-10 15:41:40.994881,15:41:40,52.50770133333333,13.389902666666666
251,92,65,94,3,2018-03-10 15:49:31.482180,15:49:31,52.49351733333334,13.388084
357,91,50,90,3,2018-03-10 18:00:38.655519,18:00:38,52.49960266666667,13.388571666666667
83,50,54,180,3,2018-03-10 19:11:50.964952,19:11:50,52.51747866666667,13.409322166666666
413,83,107,207,3,2018-03-10 19:18:35.997432,19:18:35,52.52433083333333,13.402626
122,75,51,70,3,2018-03-11 14:00:06.134475,14:00:05,52.517050166666664,13.4077145
259,111,61,106,3,2018-03-11 14:09:07.771450,14:09:07,52.516068,13.353360833333333
75,36,67,89,3,2018-03-11 14:38:51.680561,14:38:51,52.50734466666667,13.301984666666666
108,60,66,110,3,2018-03-11 14:39:58.359211,14:39:58,52.50753566666667,13.301595166666667
191,78,75,136,3,2018-03-11 14:42:13.865618,14:42:13,52.5103785,13.2964785
69,10,111,10,3,2018-03-12 17:56:27.411447,17:56:27,52.507522,13.332498666666666
107,13,76,11,3,2018-03-12 17:57:19.574839,17:57:19,52.5081815,13.334317833333333
62,10,72,14,3,2018-03-12 20:09:41.760829,20:09:41,52.5129785,13.302698333333334
340,77,179,51,3,2018-03-13 09:28:46.311963,09:28:46,52.50103333333333,13.306709833333333
74,10,61,11,3,2018-03-13 09:46:37.341309,09:46:37,52.49008166666667,13.2956765
126,10,54,15,3,2018-03-13 09:49:59.936446,09:49:59,52.498646,13.307112833333333
195,15,124,17,3,2018-03-13 09:54:28.342820,09:54:28,52.499951333333335,13.322348166666666
267,16,93,19,34,2018-03-13 09:55:35.464738,09:55:35,52.499728833333336,13.327911
130,13,86,16,69,2018-03-13 09:53:20.492243,09:53:20,52.49920383333333,13.31648
422,18,186,20,29,2018-03-13 09:57:48.113463,09:57:47,52.499475833333335,13.334912333333333
352,20,72,22,24,2018-03-13 10:00:02.534673,10:00:02,52.500578833333336,13.350114833333333
359,24,57,25,6,2018-03-13 10:08:51.804212,10:08:51,52.5010665,13.347639833333334
576,27,52,28,3,2018-03-13 10:09:56.705334,10:09:56,52.502020333333334,13.342926
69,10,66,10,227,2018-03-13 10:15:30.397401,10:15:30,52.498757833333336,13.337273166666666
117,21,54,21,3,2018-03-13 11:09:40.114652,11:09:39,52.47680866666666,13.302908833333333
94,10,85,12,3,2018-03-13 11:11:32.704172,11:11:32,52.4752305,13.291019
111,12,61,13,3,2018-03-13 11:12:40.635441,11:12:40,52.47660166666667,13.281859666666668
432,48,51,45,3,2018-03-13 11:47:25.151922,11:47:24,52.4918555,13.284203333333334
612,78,57,63,3,2018-03-13 11:57:29.689562,11:57:29,52.497156,13.311912333333334
126,38,55,34,3,2018-03-13 12:09:20.104729,12:09:19,52.492100666666666,13.3097815
704,106,72,59,3,2018-03-14 07:18:24.237415,07:18:24,52.53637833333333,13.361975833333334
830,120,102,63,3,2018-03-14 07:25:02.684521,07:25:02,52.50880883333333,13.370700666666666
941,105,76,59,3,2018-03-14 07:31:41.942436,07:31:41,52.498712833333336,13.3623145
839,108,60,59,3,2018-03-14 07:28:22.878974,07:28:22,52.49972533333333,13.362816166666667
512,106,58,61,3,2018-03-14 08:09:33.848030,08:09:33,52.50028183333333,13.330937833333333
1441,112,57,68,3,2018-03-14 08:27:22.662642,08:27:22,52.499882666666664,13.313038333333333
97,63,79,44,3,2018-03-14 09:05:20.049964,09:05:20,52.50135083333333,13.320559666666666
135,75,57,49,3,2018-03-14 09:06:28.730031,09:06:28,52.500535666666664,13.320575333333334
387,72,54,47,3,2018-03-14 09:16:31.214740,09:16:30,52.5010215,13.3308005
448,54,60,41,27,2018-03-14 09:17:36.254332,09:17:36,52.49713283333333,13.3303665
872,63,73,47,9,2018-03-14 09:27:44.091237,09:27:44,52.475458,13.279477
1191,72,68,54,3,2018-03-14 09:28:50.752890,09:28:50,52.4795625,13.2808955
212,64,53,49,3,2018-03-14 13:02:05.974152,13:02:05,52.469989,13.371329666666666
462,71,73,52,17,2018-03-14 13:06:31.798657,13:06:31,52.48060233333333,13.385969166666667
470,94,52,65,3,2018-03-14 13:07:38.080986,13:07:37,52.48464833333333,13.385922666666668
441,93,95,68,3,2018-03-14 16:33:15.147832,16:33:14,52.500423166666664,13.408066666666667
1063,93,61,68,3,2018-03-14 16:41:03.833895,16:41:03,52.4929555,13.387971
235,75,120,64,3,2018-03-14 17:27:58.012325,17:27:57,52.482506666666666,13.3831885
465,80,72,69,3,2018-03-14 17:30:08.374978,17:30:08,52.485080833333335,13.385978166666666
441,90,68,90,3,2018-03-14 21:22:28.361026,21:22:28,52.4930715,13.388246333333333
722,108,229,176,3,2018-03-14 22:46:34.787780,22:46:34,52.48032583333333,13.384671833333334
358,94,65,171,3,2018-03-14 23:46:07.836672,23:46:07,52.49179183333333,13.375331166666667
599,110,156,184,3,2018-03-15 00:29:50.670989,00:29:50,52.50822616666667,13.3516995
930,73,169,73,3,2018-03-15 08:14:45.778723,08:14:45,52.47172666666667,13.428971833333334
337,108,116,183,3,2018-03-15 00:28:41.455058,00:28:41,52.514192666666666,13.349253833333334
1165,89,96,88,3,2018-03-15 08:26:38.637070,08:26:38,52.5000515,13.408125833333333
570,91,79,92,3,2018-03-15 08:36:38.409292,08:36:38,52.486406,13.4076315
581,72,74,87,3,2018-03-15 08:38:50.987445,08:38:50,52.48261316666667,13.407570666666667
241,76,71,96,3,2018-03-15 09:12:09.442398,09:12:09,52.483747666666666,13.442949833333333
768,90,164,146,3,2018-03-15 09:55:35.835126,09:55:35,52.480500666666664,13.4438445
994,94,76,150,3,2018-03-15 10:11:10.054651,10:11:09,52.497997166666664,13.388839
578,80,146,139,3,2018-03-15 10:14:36.439411,10:14:36,52.506188,13.364335
1156,94,93,149,3,2018-03-15 10:16:47.500689,10:16:47,52.51331483333333,13.3504795
698,95,62,160,3,2018-03-15 10:31:23.808190,10:31:23,52.568075,13.312420666666666
323,87,51,163,3,2018-03-15 10:57:12.325577,10:57:12,52.57905933333333,13.316612
379,86,64,169,3,2018-03-15 11:18:27.160724,11:18:26,52.55675166666666,13.377054666666666
438,85,58,171,3,2018-03-15 11:24:06.385313,11:24:06,52.54071916666667,13.394121
718,85,72,172,3,2018-03-15 11:27:28.235122,11:27:28,52.5300625,13.403152833333333
441,90,56,172,3,2018-03-15 11:19:32.227092,11:19:32,52.554928333333336,13.376803
472,82,84,95,3,2018-03-15 14:14:51.901532,14:14:51,52.5111195,13.450771
327,65,99,84,3,2018-03-15 19:49:10.265520,19:49:09,52.52486233333333,13.421390666666667
820,82,102,90,3,2018-03-16 07:37:39.720194,07:37:39,52.517702166666666,13.410018333333333
1189,106,98,167,3,2018-03-16 15:56:57.771878,15:56:57,52.499804833333336,13.378029833333333
2681,108,93,179,3,2018-03-16 16:01:13.486363,16:01:13,52.498244166666666,13.401276166666667
1361,115,52,220,3,2018-03-16 16:19:07.702848,16:19:07,52.49864916666667,13.4511825
769,53760,240,25600,3,2018-03-16 16:32:37.429556,16:32:37,52.498909166666664,13.451128666666667
1193,115,53,258,3,2018-03-16 16:42:45.049812,16:42:44,52.49880783333333,13.451044
699,111,51,257,3,2018-03-16 16:41:37.250702,16:41:37,52.49889233333333,13.4510455
996,116,50,280,3,2018-03-16 18:30:50.183470,18:30:49,52.4986815,13.451044
1703,110,58,268,3,2018-03-16 18:31:58.123153,18:31:57,52.49878266666666,13.451007666666667
2991,97,79,249,20,2018-03-16 18:39:48.721764,18:39:48,52.4984,13.435061
2179,115,67,282,3,2018-03-16 19:18:04.105950,19:18:03,52.49665866666667,13.420439166666666
634,113,56,269,3,2018-03-16 19:33:55.498022,19:33:55,52.496010166666665,13.427007333333334
1114,113,51,265,3,2018-03-16 19:35:02.009213,19:35:01,52.49550333333333,13.427105833333334
778,50688,240,26624,3,2018-03-16 19:44:03.843040,19:44:03,52.50008166666667,13.417892333333333
1199,67,74,157,3,2018-03-17 00:16:01.418002,00:16:01,52.50446483333333,13.3721805
